RefImageName,NoiseType,NoisyImage
../../utils/GrayScale\235.png,0,0.png
../../utils/GrayScale\296.png,0,1.png
../../utils/GrayScale\294.png,1,2.png
../../utils/GrayScale\242.png,3,3.png
../../utils/GrayScale\271.png,3,4.png
../../utils/GrayScale\202.png,0,5.png
../../utils/GrayScale\295.png,3,6.png
../../utils/GrayScale\287.png,3,7.png
../../utils/GrayScale\288.png,3,8.png
../../utils/GrayScale\266.png,1,9.png
../../utils/GrayScale\262.png,0,10.png
../../utils/GrayScale\257.png,3,11.png
../../utils/GrayScale\224.png,1,12.png
../../utils/GrayScale\200.png,2,13.png
../../utils/GrayScale\255.png,1,14.png
../../utils/GrayScale\226.png,3,15.png
../../utils/GrayScale\278.png,3,16.png
../../utils/GrayScale\226.png,1,17.png
../../utils/GrayScale\257.png,2,18.png
../../utils/GrayScale\201.png,0,19.png
../../utils/GrayScale\200.png,3,20.png
../../utils/GrayScale\201.png,3,21.png
../../utils/GrayScale\232.png,0,22.png
../../utils/GrayScale\262.png,0,23.png
../../utils/GrayScale\233.png,2,24.png
../../utils/GrayScale\216.png,3,25.png
../../utils/GrayScale\248.png,3,26.png
../../utils/GrayScale\202.png,3,27.png
../../utils/GrayScale\247.png,1,28.png
../../utils/GrayScale\280.png,1,29.png
../../utils/GrayScale\256.png,3,30.png
../../utils/GrayScale\287.png,2,31.png
../../utils/GrayScale\238.png,3,32.png
../../utils/GrayScale\231.png,2,33.png
../../utils/GrayScale\236.png,0,34.png
../../utils/GrayScale\252.png,1,35.png
../../utils/GrayScale\259.png,0,36.png
../../utils/GrayScale\280.png,1,37.png
../../utils/GrayScale\204.png,0,38.png
../../utils/GrayScale\218.png,2,39.png
../../utils/GrayScale\213.png,0,40.png
../../utils/GrayScale\294.png,0,41.png
../../utils/GrayScale\292.png,3,42.png
../../utils/GrayScale\266.png,1,43.png
../../utils/GrayScale\293.png,1,44.png
../../utils/GrayScale\267.png,1,45.png
../../utils/GrayScale\263.png,1,46.png
../../utils/GrayScale\268.png,0,47.png
../../utils/GrayScale\206.png,1,48.png
../../utils/GrayScale\285.png,2,49.png
../../utils/GrayScale\294.png,1,50.png
../../utils/GrayScale\297.png,3,51.png
../../utils/GrayScale\252.png,0,52.png
../../utils/GrayScale\225.png,3,53.png
../../utils/GrayScale\220.png,3,54.png
../../utils/GrayScale\274.png,0,55.png
../../utils/GrayScale\205.png,3,56.png
../../utils/GrayScale\276.png,2,57.png
../../utils/GrayScale\270.png,0,58.png
../../utils/GrayScale\271.png,2,59.png
../../utils/GrayScale\246.png,1,60.png
../../utils/GrayScale\221.png,2,61.png
../../utils/GrayScale\228.png,2,62.png
../../utils/GrayScale\289.png,2,63.png
../../utils/GrayScale\211.png,2,64.png
../../utils/GrayScale\252.png,1,65.png
../../utils/GrayScale\289.png,1,66.png
../../utils/GrayScale\233.png,3,67.png
../../utils/GrayScale\282.png,2,68.png
../../utils/GrayScale\206.png,3,69.png
../../utils/GrayScale\259.png,0,70.png
../../utils/GrayScale\225.png,2,71.png
../../utils/GrayScale\222.png,3,72.png
../../utils/GrayScale\282.png,1,73.png
../../utils/GrayScale\259.png,3,74.png
../../utils/GrayScale\220.png,3,75.png
../../utils/GrayScale\283.png,2,76.png
../../utils/GrayScale\239.png,2,77.png
../../utils/GrayScale\298.png,3,78.png
../../utils/GrayScale\221.png,2,79.png
../../utils/GrayScale\268.png,0,80.png
../../utils/GrayScale\263.png,1,81.png
../../utils/GrayScale\234.png,2,82.png
../../utils/GrayScale\258.png,1,83.png
../../utils/GrayScale\214.png,3,84.png
../../utils/GrayScale\279.png,3,85.png
../../utils/GrayScale\212.png,2,86.png
../../utils/GrayScale\212.png,2,87.png
../../utils/GrayScale\221.png,1,88.png
../../utils/GrayScale\226.png,0,89.png
../../utils/GrayScale\265.png,0,90.png
../../utils/GrayScale\224.png,0,91.png
../../utils/GrayScale\273.png,3,92.png
../../utils/GrayScale\253.png,3,93.png
../../utils/GrayScale\235.png,2,94.png
../../utils/GrayScale\231.png,0,95.png
../../utils/GrayScale\278.png,3,96.png
../../utils/GrayScale\277.png,2,97.png
../../utils/GrayScale\282.png,0,98.png
../../utils/GrayScale\257.png,2,99.png
../../utils/GrayScale\255.png,3,100.png
../../utils/GrayScale\273.png,1,101.png
../../utils/GrayScale\231.png,3,102.png
../../utils/GrayScale\223.png,2,103.png
../../utils/GrayScale\225.png,1,104.png
../../utils/GrayScale\209.png,2,105.png
../../utils/GrayScale\293.png,2,106.png
../../utils/GrayScale\243.png,3,107.png
../../utils/GrayScale\289.png,1,108.png
../../utils/GrayScale\231.png,0,109.png
../../utils/GrayScale\217.png,3,110.png
../../utils/GrayScale\219.png,2,111.png
../../utils/GrayScale\276.png,2,112.png
../../utils/GrayScale\274.png,2,113.png
../../utils/GrayScale\218.png,1,114.png
../../utils/GrayScale\232.png,3,115.png
../../utils/GrayScale\299.png,0,116.png
../../utils/GrayScale\280.png,0,117.png
../../utils/GrayScale\225.png,2,118.png
../../utils/GrayScale\288.png,2,119.png
../../utils/GrayScale\297.png,1,120.png
../../utils/GrayScale\204.png,0,121.png
../../utils/GrayScale\249.png,3,122.png
../../utils/GrayScale\235.png,2,123.png
../../utils/GrayScale\218.png,2,124.png
../../utils/GrayScale\216.png,2,125.png
../../utils/GrayScale\290.png,1,126.png
../../utils/GrayScale\227.png,1,127.png
../../utils/GrayScale\235.png,2,128.png
../../utils/GrayScale\211.png,2,129.png
../../utils/GrayScale\287.png,2,130.png
../../utils/GrayScale\244.png,1,131.png
../../utils/GrayScale\227.png,3,132.png
../../utils/GrayScale\224.png,1,133.png
../../utils/GrayScale\299.png,2,134.png
../../utils/GrayScale\229.png,2,135.png
../../utils/GrayScale\287.png,0,136.png
../../utils/GrayScale\296.png,0,137.png
../../utils/GrayScale\281.png,2,138.png
../../utils/GrayScale\268.png,2,139.png
../../utils/GrayScale\200.png,2,140.png
../../utils/GrayScale\207.png,1,141.png
../../utils/GrayScale\217.png,2,142.png
../../utils/GrayScale\203.png,1,143.png
../../utils/GrayScale\275.png,3,144.png
../../utils/GrayScale\272.png,1,145.png
../../utils/GrayScale\200.png,1,146.png
../../utils/GrayScale\205.png,0,147.png
../../utils/GrayScale\264.png,0,148.png
../../utils/GrayScale\232.png,2,149.png
../../utils/GrayScale\259.png,1,150.png
../../utils/GrayScale\207.png,1,151.png
../../utils/GrayScale\200.png,1,152.png
../../utils/GrayScale\262.png,3,153.png
../../utils/GrayScale\225.png,3,154.png
../../utils/GrayScale\266.png,0,155.png
../../utils/GrayScale\250.png,0,156.png
../../utils/GrayScale\236.png,0,157.png
../../utils/GrayScale\253.png,1,158.png
../../utils/GrayScale\270.png,3,159.png
../../utils/GrayScale\241.png,3,160.png
../../utils/GrayScale\235.png,3,161.png
../../utils/GrayScale\284.png,3,162.png
../../utils/GrayScale\247.png,2,163.png
../../utils/GrayScale\274.png,2,164.png
../../utils/GrayScale\287.png,2,165.png
../../utils/GrayScale\238.png,1,166.png
../../utils/GrayScale\268.png,1,167.png
../../utils/GrayScale\200.png,3,168.png
../../utils/GrayScale\231.png,2,169.png
../../utils/GrayScale\229.png,3,170.png
../../utils/GrayScale\202.png,2,171.png
../../utils/GrayScale\255.png,3,172.png
../../utils/GrayScale\240.png,0,173.png
../../utils/GrayScale\249.png,3,174.png
../../utils/GrayScale\214.png,1,175.png
../../utils/GrayScale\215.png,3,176.png
../../utils/GrayScale\255.png,2,177.png
../../utils/GrayScale\236.png,3,178.png
../../utils/GrayScale\203.png,3,179.png
../../utils/GrayScale\220.png,1,180.png
../../utils/GrayScale\214.png,1,181.png
../../utils/GrayScale\288.png,2,182.png
../../utils/GrayScale\230.png,0,183.png
../../utils/GrayScale\227.png,2,184.png
../../utils/GrayScale\276.png,2,185.png
../../utils/GrayScale\240.png,3,186.png
../../utils/GrayScale\226.png,0,187.png
../../utils/GrayScale\248.png,0,188.png
../../utils/GrayScale\261.png,2,189.png
../../utils/GrayScale\298.png,3,190.png
../../utils/GrayScale\228.png,1,191.png
../../utils/GrayScale\288.png,3,192.png
../../utils/GrayScale\252.png,3,193.png
../../utils/GrayScale\276.png,0,194.png
../../utils/GrayScale\211.png,0,195.png
../../utils/GrayScale\290.png,3,196.png
../../utils/GrayScale\209.png,0,197.png
../../utils/GrayScale\240.png,2,198.png
../../utils/GrayScale\219.png,3,199.png
